﻿<?xml version="1.0" encoding="utf-8" ?>



<NewDataSet>


  <Table1>

    <ProductId>1</ProductId>

    <ProductName>Pizza</ProductName>

    <ProductPrice>100</ProductPrice>

  </Table1>


  <Table1>

    <ProductId>1</ProductId>

    <ProductName>Burger</ProductName>

    <ProductPrice>100</ProductPrice>

  </Table1>


  <Table1>

    <ProductId>1</ProductId>

    <ProductName>Sandwitches</ProductName>

    <ProductPrice>100</ProductPrice>

  </Table1>


  <Table1>

    <ProductId>1</ProductId>

    <ProductName>Drink</ProductName>

    <ProductPrice>80</ProductPrice>

  </Table1>

</NewDataSet>